1,창세기 1:1-13
2,창세기 1:14-25
3,창세기 1:26-2:3
4,창세기 2:4-25
5,창세기 3:1-13
6,창세기 3:14-24
7,창세기 4:1-26
8,창세기 5:1-32
9,창세기 6:1-22
10,창세기 7:1-24
11,창세기 8:1-22
12,창세기 9:1-17
13,창세기 9:18-29
14,창세기 10:1-32
15,창세기 11:1-9
16,창세기 11:10-30
17,창세기 11:31-12:9
18,창세기 12:10-20
19,창세기 13:1-18
20,창세기 14:1-24
21,창세기 15:1-21
22,창세기 16:1-16
23,창세기 17:1-27
24,창세기 18:1-15
25,창세기 18:16-33
26,창세기 19:1-11
27,창세기 19:12-23
28,창세기 19:24-38
29,창세기 20:1-18
30,창세기 21:1-21
31,창세기 21:22-34
32,창세기 22:1-24
33,창세기 23:1-20
34,창세기 24:1-27
35,창세기 24:28-49
36,창세기 24:50-67
37,창세기 25:1-18
38,창세기 25:19-34
39,창세기 26:1-33
40,창세기 26:34-27:46
41,창세기 28:1-22
42,창세기 29:1-35
43,창세기 30:1-43
44,창세기 31:1-55
45,창세기 32:1-32
46,창세기 33:1-20
47,창세기 34:1-31
48,창세기 35:1-29
49,창세기 36:1-43
50,창세기 37:1-36
51,창세기 38:1-30
52,창세기 39:1-23
53,창세기 40:1-23
54,창세기 41:1-57
55,창세기 42:1-38
56,창세기 43:1-34
57,창세기 44:1-34
58,창세기 45:1-28
59,창세기 46:1-34
60,창세기 47:1-31
61,창세기 48:1-22
62,창세기 49:1-33
63,창세기 50:1-26
64,출애굽기 1:1-22
65,출애굽기 2:1-25
66,출애굽기 3:1-22
67,출애굽기 4:1-31
68,출애굽기 5:1-23
69,출애굽기 6:1-30
70,출애굽기 7:1-25
71,출애굽기 8:1-32
72,출애굽기 9:1-35
73,출애굽기 10:1-29
74,출애굽기 11:1-10
75,출애굽기 12:1-51
76,출애굽기 13:1-22
77,출애굽기 14:1-31
78,출애굽기 15:1-27
79,출애굽기 16:1-36
80,출애굽기 17:1-16
81,출애굽기 18:1-27
82,출애굽기 19:1-25
83,출애굽기 20:1-26
84,출애굽기 21:1-36
85,출애굽기 22:1-31
86,출애굽기 23:1-33
87,출애굽기 24:1-18
88,출애굽기 25:1-40
89,출애굽기 26:1-37
90,출애굽기 27:1-21
91,출애굽기 28:1-43
92,출애굽기 29:1-46
93,출애굽기 30:1-38
94,출애굽기 31:1-18
95,출애굽기 32:1-35
96,출애굽기 33:1-23
97,출애굽기 34:1-35
98,출애굽기 35:1-35
99,출애굽기 36:1-38
100,출애굽기 37:1-29
101,출애굽기 38:1-31
102,출애굽기 39:1-43
103,출애굽기 40:1-38
104,레위기 1:1-17
105,레위기 2:1-16
106,레위기 3:1-17
107,레위기 4:1-35
108,레위기 5:1-19
109,레위기 6:1-30
110,레위기 7:1-38
111,레위기 8:1-36
112,레위기 9:1-24
113,레위기 10:1-20
114,레위기 11:1-47
115,레위기 12:1-8
116,레위기 13:1-59
117,레위기 14:1-57
118,레위기 15:1-33
119,레위기 16:1-34
120,레위기 17:1-16
121,레위기 18:1-30
122,레위기 19:1-37
123,레위기 20:1-27
124,레위기 21:1-24
125,레위기 22:1-33
126,레위기 23:1-44
127,레위기 24:1-23
128,레위기 25:1-55
129,레위기 26:1-46
130,레위기 27:1-34
131,민수기 1:1-54
132,민수기 2:1-34
133,민수기 3:1-51
134,민수기 4:1-49
135,민수기 5:1-31
136,민수기 6:1-27
137,민수기 7:1-89
138,민수기 8:1-26
139,민수기 9:1-23
140,민수기 10:1-36
141,민수기 11:1-35
142,민수기 12:1-16
143,민수기 13:1-33
144,민수기 14:1-45
145,민수기 15:1-41
146,민수기 16:1-50
147,민수기 17:1-13
148,민수기 18:1-32
149,민수기 19:1-22
150,민수기 20:1-29
151,민수기 21:1-35
152,민수기 22:1-41
153,민수기 23:1-30
154,민수기 24:1-25
155,민수기 25:1-18
156,민수기 26:1-65
157,민수기 27:1-23
158,민수기 28:1-31
159,민수기 29:1-40
160,민수기 30:1-16
161,민수기 31:1-54
162,민수기 32:1-42
163,민수기 33:1-56
164,민수기 34:1-29
165,민수기 35:1-34
166,민수기 36:1-13
167,신명기 1:1-46
168,신명기 2:1-37
169,신명기 3:1-29
170,신명기 4:1-49
171,신명기 5:1-33
172,신명기 6:1-25
173,신명기 7:1-26
174,신명기 8:1-20
175,신명기 9:1-29
176,신명기 10:1-22
177,신명기 11:1-32
178,신명기 12:1-32
179,신명기 13:1-18
180,신명기 14:1-29
181,신명기 15:1-23
182,신명기 16:1-22
183,신명기 17:1-20
184,신명기 18:1-22
185,신명기 19:1-21
186,신명기 20:1-20
187,신명기 21:1-23
188,신명기 22:1-30
189,신명기 23:1-25
190,신명기 24:1-22
191,신명기 25:1-19
192,신명기 26:1-19
193,신명기 27:1-26
194,신명기 28:1-68
195,신명기 29:1-29
196,신명기 30:1-20
197,신명기 31:1-30
198,신명기 32:1-52
199,신명기 33:1-29
200,신명기 34:1-12
201,여호수아 1:1-18
202,여호수아 2:1-24
203,여호수아 3:1-17
204,여호수아 4:1-24
205,여호수아 5:1-15
206,여호수아 6:1-27
207,여호수아 7:1-26
208,여호수아 8:1-35
209,여호수아 9:1-27
210,여호수아 10:1-43
211,여호수아 11:1-23
212,여호수아 12:1-24
213,여호수아 13:1-33
214,여호수아 14:1-15
215,여호수아 15:1-63
216,여호수아 16:1-10
217,여호수아 17:1-18
218,여호수아 18:1-28
219,여호수아 19:1-51
220,여호수아 20:1-9
221,여호수아 21:1-45
222,여호수아 22:1-34
223,여호수아 22:35-23:16
224,여호수아 24:1-33
225,사사기 1:1-36
226,사사기 2:1-23
227,사사기 3:1-31
228,사사기 4:1-24
229,사사기 5:1-31
230,사사기 6:1-40
231,사사기 7:1-25
232,사사기 8:1-35
233,사사기 9:1-57
234,사사기 10:1-18
235,사사기 11:1-40
236,사사기 12:1-15
237,사사기 13:1-25
238,사사기 14:1-20
239,사사기 15:1-20
240,사사기 16:1-31
241,사사기 17:1-13
242,사사기 18:1-31
243,사사기 19:1-30
244,사사기 20:1-48
245,사사기 21:1-25
246,룻기 1:1-22
247,룻기 2:1-23
248,룻기 3:1-18
249,룻기 4:1-22
250,사무엘상 1:1-28
251,사무엘상 2:1-36
252,사무엘상 3:1-21
253,사무엘상 4:1-22
254,사무엘상 5:1-12
255,사무엘상 6:1-21
256,사무엘상 7:1-17
257,사무엘상 8:1-22
258,사무엘상 9:1-27
259,사무엘상 10:1-27
260,사무엘상 11:1-15
261,사무엘상 12:1-25
262,사무엘상 13:1-23
263,사무엘상 14:1-52
264,사무엘상 15:1-35
265,사무엘상 16:1-23
266,사무엘상 17:1-58
267,사무엘상 18:1-30
268,사무엘상 19:1-24
269,사무엘상 20:1-42
270,사무엘상 21:1-15
271,사무엘상 22:1-23
272,사무엘상 23:1-29
273,사무엘상 24:1-22
274,사무엘상 25:1-44
275,사무엘상 26:1-25
276,사무엘상 27:1-12
277,사무엘상 28:1-25
278,사무엘상 29:1-11
279,사무엘상 30:1-31
280,사무엘상 31:1-13
281,사무엘하 1:1-27
282,사무엘하 2:1-32
283,사무엘하 3:1-39
284,사무엘하 4:1-12
285,사무엘하 5:1-25
286,사무엘하 6:1-23
287,사무엘하 7:1-29
288,사무엘하 8:1-18
289,사무엘하 9:1-13
290,사무엘하 10:1-19
291,사무엘하 11:1-27
292,사무엘하 12:1-31
293,사무엘하 13:1-39
294,사무엘하 14:1-33
295,사무엘하 15:1-37
296,사무엘하 16:1-23
297,사무엘하 17:1-29
298,사무엘하 18:1-33
299,사무엘하 19:1-43
300,사무엘하 20:1-26
301,사무엘하 21:1-22
302,사무엘하 22:1-51
303,사무엘하 23:1-39
304,사무엘하 24:1-25
305,열왕기상 1:1-53
306,열왕기상 2:1-46
307,열왕기상 3:1-28
308,열왕기상 4:1-34
309,열왕기상 5:1-18
310,열왕기상 6:1-38
311,열왕기상 7:1-51
312,열왕기상 8:1-66
313,열왕기상 9:1-28
314,열왕기상 10:1-29
315,열왕기상 11:1-43
316,열왕기상 12:1-33
317,열왕기상 13:1-34
318,열왕기상 14:1-31
319,열왕기상 15:1-34
320,열왕기상 16:1-34
321,열왕기상 17:1-24
322,열왕기상 18:1-46
323,열왕기상 19:1-21
324,열왕기상 20:1-43
325,열왕기상 21:1-29
326,열왕기상 22:1-53
327,열왕기하 1:1-18
328,열왕기하 2:1-25
329,열왕기하 3:1-27
330,열왕기하 4:1-44
331,열왕기하 5:1-27
332,열왕기하 6:1-33
333,열왕기하 7:1-20
334,열왕기하 8:1-29
335,열왕기하 9:1-37
336,열왕기하 10:1-36
337,열왕기하 11:1-21
338,열왕기하 12:1-21
339,열왕기하 13:1-25
340,열왕기하 14:1-29
341,열왕기하 15:1-38
342,열왕기하 16:1-20
343,열왕기하 17:1-41
344,열왕기하 18:1-37
345,열왕기하 19:1-37
346,열왕기하 20:1-21
347,열왕기하 21:1-26
348,열왕기하 22:1-20
349,열왕기하 23:1-37
350,열왕기하 24:1-20
351,열왕기하 25:1-30
352,역대상 1:1-54
353,역대상 2:1-55
354,역대상 3:1-24
355,역대상 4:1-43
356,역대상 5:1-26
357,역대상 6:1-81
358,역대상 7:1-40
359,역대상 8:1-40
360,역대상 9:1-44
361,역대상 10:1-14
362,역대상 11:1-47
363,역대상 12:1-40
364,역대상 13:1-14
365,역대상 14:1-17
366,역대상 15:1-29
367,역대상 16:1-43
368,역대상 17:1-27
369,역대상 18:1-17
370,역대상 19:1-19
371,역대상 20:1-8
372,역대상 21:1-30
373,역대상 22:1-19
374,역대상 23:1-32
375,역대상 24:1-31
376,역대상 25:1-31
377,역대상 26:1-32
378,역대상 27:1-34
379,역대상 28:1-21
380,역대상 29:1-30
381,역대하 1:1-17
382,역대하 2:1-18
383,역대하 3:1-17
384,역대하 4:1-22
385,역대하 5:1-14
386,역대하 6:1-42
387,역대하 7:1-22
388,역대하 8:1-18
389,역대하 9:1-31
390,역대하 10:1-19
391,역대하 11:1-23
392,역대하 12:1-16
393,역대하 13:1-22
394,역대하 14:1-15
395,역대하 15:1-19
396,역대하 16:1-14
397,역대하 17:1-19
398,역대하 18:1-34
399,역대하 19:1-11
400,역대하 20:1-37
401,역대하 21:1-20
402,역대하 22:1-12
403,역대하 23:1-21
404,역대하 24:1-27
405,역대하 25:1-28
406,역대하 26:1-23
407,역대하 27:1-9
408,역대하 28:1-27
409,역대하 29:1-36
410,역대하 30:1-27
411,역대하 31:1-21
412,역대하 32:1-33
413,역대하 33:1-25
414,역대하 34:1-33
415,역대하 35:1-27
416,역대하 36:1-23
417,에스라 1:1-11
418,에스라 2:1-70
419,에스라 3:1-13
420,에스라 4:1-24
421,에스라 5:1-17
422,에스라 6:1-22
423,에스라 7:1-28
424,에스라 8:1-36
425,에스라 9:1-15
426,에스라 10:1-44
427,느헤미야 1:1-11
428,느헤미야 2:1-20
429,느헤미야 3:1-32
430,느헤미야 4:1-23
431,느헤미야 5:1-19
432,느헤미야 6:1-19
433,느헤미야 7:1-73
434,느헤미야 8:1-18
435,느헤미야 9:1-38
436,느헤미야 10:1-39
437,느헤미야 11:1-36
438,느헤미야 12:1-47
439,느헤미야 13:1-31
440,에스더 1:1-22
441,에스더 2:1-23
442,에스더 3:1-15
443,에스더 4:1-17
444,에스더 5:1-14
445,에스더 6:1-14
446,에스더 7:1-10
447,에스더 8:1-17
448,에스더 9:1-32
449,에스더 10:1-3
450,욥기 1:1-22
451,욥기 2:1-13
452,욥기 3:1-26
453,욥기 4:1-21
454,욥기 5:1-27
455,욥기 6:1-30
456,욥기 7:1-21
457,욥기 8:1-22
458,욥기 9:1-35
459,욥기 10:1-22
460,욥기 11:1-20
461,욥기 12:1-25
462,욥기 13:1-28
463,욥기 14:1-22
464,욥기 15:1-35
465,욥기 16:1-22
466,욥기 17:1-16
467,욥기 18:1-21
468,욥기 19:1-29
469,욥기 20:1-29
470,욥기 21:1-34
471,욥기 22:1-30
472,욥기 23:1-17
473,욥기 24:1-25
474,욥기 25:1-6
475,욥기 26:1-14
476,욥기 27:1-23
477,욥기 28:1-28
478,욥기 29:1-25
479,욥기 30:1-31
480,욥기 31:1-40
481,욥기 32:1-22
482,욥기 33:1-33
483,욥기 34:1-37
484,욥기 35:1-16
485,욥기 36:1-33
486,욥기 37:1-24
487,욥기 38:1-41
488,욥기 39:1-30
489,욥기 40:1-24
490,욥기 41:1-34
491,욥기 42:1-17
492,시편 1:1-6
493,시편 2:1-12
494,시편 3:1-8
495,시편 4:1-8
496,시편 5:1-12
497,시편 6:1-10
498,시편 7:1-17
499,시편 8:1-9
500,시편 9:1-20
501,시편 10:1-18
502,시편 11:1-7
503,시편 12:1-8
504,시편 13:1-6
505,시편 14:1-7
506,시편 15:1-5
507,시편 16:1-11
508,시편 17:1-15
509,시편 18:1-50
510,시편 19:1-14
511,시편 20:1-9
512,시편 21:1-13
513,시편 22:1-31
514,시편 23:1-6
515,시편 24:1-10
516,시편 25:1-22
517,시편 26:1-12
518,시편 27:1-14
519,시편 28:1-9
520,시편 29:1-11
521,시편 30:1-12
522,시편 31:1-24
523,시편 32:1-11
524,시편 33:1-22
525,시편 34:1-22
526,시편 35:1-28
527,시편 36:1-12
528,시편 37:1-40
529,시편 38:1-22
530,시편 39:1-13
531,시편 40:1-17
532,시편 41:1-13
533,시편 42:1-11
534,시편 43:1-5
535,시편 44:1-26
536,시편 45:1-17
537,시편 46:1-11
538,시편 47:1-9
539,시편 48:1-14
540,시편 49:1-20
541,시편 50:1-23
542,시편 51:1-19
543,시편 52:1-9
544,시편 53:1-6
545,시편 54:1-7
546,시편 55:1-23
547,시편 56:1-13
548,시편 57:1-11
549,시편 58:1-11
550,시편 59:1-17
551,시편 60:1-12
552,시편 61:1-8
553,시편 62:1-12
554,시편 63:1-11
555,시편 64:1-10
556,시편 65:1-13
557,시편 66:1-20
558,시편 67:1-7
559,시편 68:1-35
560,시편 69:1-36
561,시편 70:1-5
562,시편 71:1-24
563,시편 72:1-20
564,시편 73:1-28
565,시편 74:1-23
566,시편 75:1-10
567,시편 76:1-12
568,시편 77:1-20
569,시편 78:1-72
570,시편 79:1-13
571,시편 80:1-19
572,시편 81:1-16
573,시편 82:1-8
574,시편 83:1-18
575,시편 84:1-12
576,시편 85:1-13
577,시편 86:1-17
578,시편 87:1-7
579,시편 88:1-18
580,시편 89:1-52
581,시편 90:1-17
582,시편 91:1-16
583,시편 92:1-15
584,시편 93:1-5
585,시편 94:1-23
586,시편 95:1-11
587,시편 96:1-13
588,시편 97:1-12
589,시편 98:1-9
590,시편 99:1-9
591,시편 100:1-5
592,시편 101:1-8
593,시편 102:1-28
594,시편 103:1-22
595,시편 104:1-35
596,시편 105:1-45
597,시편 106:1-48
598,시편 107:1-43
599,시편 108:1-13
600,시편 109:1-31
601,시편 110:1-7
602,시편 111:1-10
603,시편 112:1-10
604,시편 113:1-9
605,시편 114:1-8
606,시편 115:1-18
607,시편 116:1-19
608,시편 117:1-2
609,시편 118:1-29
610,시편 119:1-40
611,시편 119:41-88
612,시편 119:89-136
613,시편 119:137-176
614,시편 120:1-124:8
615,시편 125:1-134:3
616,시편 135:1-21
617,시편 136:1-26
618,시편 137:1-9
619,시편 138:1-8
620,시편 139:1-24
621,시편 140:1-143:12
622,시편 144:1-145:21
623,시편 146:1-150:6
624,잠언 1:1-33
625,잠언 2:1-22
626,잠언 3:1-35
627,잠언 4:1-27
628,잠언 5:1-23
629,잠언 6:1-35
630,잠언 7:1-27
631,잠언 8:1-36
632,잠언 9:1-18
633,잠언 10:1-32
634,잠언 11:1-31
635,잠언 12:1-28
636,잠언 13:1-25
637,잠언 14:1-35
638,잠언 15:1-33
639,잠언 16:1-33
640,잠언 17:1-28
641,잠언 18:1-24
642,잠언 19:1-29
643,잠언 20:1-30
644,잠언 21:1-31
645,잠언 22:1-29
646,잠언 23:1-35
647,잠언 24:1-34
648,잠언 25:1-28
649,잠언 26:1-28
650,잠언 27:1-27
651,잠언 28:1-28
652,잠언 29:1-27
653,잠언 30:1-33
654,잠언 31:1-31
655,전도서 1:1-18
656,전도서 2:1-26
657,전도서 3:1-22
658,전도서 4:1-16
659,전도서 5:1-20
660,전도서 6:1-12
661,전도서 7:1-29
662,전도서 8:1-17
663,전도서 9:1-18
664,전도서 10:1-20
665,전도서 11:1-10
666,전도서 12:1-14
667,아가 1:1-17
668,아가 2:1-17
669,아가 3:1-11
670,아가 4:1-16
671,아가 5:1-16
672,아가 6:1-13
673,아가 7:1-13
674,아가 8:1-14
675,이사야 1:1-31
676,이사야 2:1-22
677,이사야 3:1-26
678,이사야 4:1-6
679,이사야 5:1-30
680,이사야 6:1-13
681,이사야 7:1-25
682,이사야 8:1-22
683,이사야 9:1-21
684,이사야 10:1-34
685,이사야 11:1-16
686,이사야 12:1-6
687,이사야 13:1-22
688,이사야 14:1-32
689,이사야 15:1-9
690,이사야 16:1-14
691,이사야 17:1-14
692,이사야 18:1-7
693,이사야 19:1-25
694,이사야 20:1-6
695,이사야 21:1-17
696,이사야 22:1-25
697,이사야 23:1-18
698,이사야 24:1-23
699,이사야 25:1-12
700,이사야 26:1-21
701,이사야 27:1-13
702,이사야 28:1-29
703,이사야 29:1-24
704,이사야 30:1-33
705,이사야 31:1-9
706,이사야 32:1-20
707,이사야 33:1-24
708,이사야 34:1-17
709,이사야 35:1-10
710,이사야 36:1-22
711,이사야 37:1-38
712,이사야 38:1-22
713,이사야 39:1-8
714,이사야 40:1-31
715,이사야 41:1-29
716,이사야 42:1-25
717,이사야 43:1-28
718,이사야 44:1-28
719,이사야 45:1-25
720,이사야 46:1-13
721,이사야 47:1-15
722,이사야 48:1-22
723,이사야 49:1-26
724,이사야 50:1-11
725,이사야 51:1-23
726,이사야 52:1-15
727,이사야 53:1-12
728,이사야 54:1-17
729,이사야 55:1-13
730,이사야 56:1-12
731,이사야 57:1-21
732,이사야 58:1-14
733,이사야 59:1-21
734,이사야 60:1-22
735,이사야 61:1-11
736,이사야 62:1-12
737,이사야 63:1-19
738,이사야 64:1-12
739,이사야 65:1-25
740,이사야 66:1-24
741,예레미야 1:1-19
742,예레미야 2:1-37
743,예레미야 3:1-25
744,예레미야 4:1-31
745,예레미야 5:1-31
746,예레미야 6:1-30
747,예레미야 7:1-34
748,예레미야 8:1-22
749,예레미야 9:1-26
750,예레미야 10:1-25
751,예레미야 11:1-23
752,예레미야 12:1-17
753,예레미야 13:1-27
754,예레미야 14:1-22
755,예레미야 15:1-21
756,예레미야 16:1-21
757,예레미야 17:1-27
758,예레미야 18:1-23
759,예레미야 19:1-15
760,예레미야 20:1-18
761,예레미야 21:1-14
762,예레미야 22:1-30
763,예레미야 23:1-40
764,예레미야 24:1-10
765,예레미야 25:1-38
766,예레미야 26:1-24
767,예레미야 27:1-22
768,예레미야 28:1-17
769,예레미야 29:1-32
770,예레미야 30:1-24
771,예레미야 31:1-40
772,예레미야 32:1-44
773,예레미야 33:1-26
774,예레미야 34:1-22
775,예레미야 35:1-19
776,예레미야 36:1-32
777,예레미야 37:1-21
778,예레미야 38:1-28
779,예레미야 39:1-18
780,예레미야 40:1-16
781,예레미야 41:1-18
782,예레미야 42:1-22
783,예레미야 43:1-13
784,예레미야 44:1-30
785,예레미야 45:1-5
786,예레미야 46:1-28
787,예레미야 47:1-7
788,예레미야 48:1-47
789,예레미야 49:1-39
790,예레미야 50:1-46
791,예레미야 51:1-64
792,예레미야 52:1-34
793,예레미야애가 1:1-22
794,예레미야애가 2:1-22
795,예레미야애가 3:1-66
796,예레미야애가 4:1-22
797,예레미야애가 5:1-22
798,에스겔 1:1-28
799,에스겔 2:1-10
800,에스겔 3:1-27
801,에스겔 4:1-17
802,에스겔 5:1-17
803,에스겔 6:1-14
804,에스겔 7:1-27
805,에스겔 8:1-18
806,에스겔 9:1-11
807,에스겔 10:1-22
808,에스겔 11:1-25
809,에스겔 12:1-28
810,에스겔 13:1-23
811,에스겔 14:1-23
812,에스겔 15:1-8
813,에스겔 16:1-63
814,에스겔 17:1-24
815,에스겔 18:1-32
816,에스겔 19:1-14
817,에스겔 20:1-49
818,에스겔 21:1-32
819,에스겔 22:1-31
820,에스겔 23:1-49
821,에스겔 24:1-27
822,에스겔 25:1-17
823,에스겔 26:1-21
824,에스겔 27:1-36
825,에스겔 28:1-26
826,에스겔 29:1-21
827,에스겔 30:1-26
828,에스겔 31:1-18
829,에스겔 32:1-32
830,에스겔 33:1-33
831,에스겔 34:1-31
832,에스겔 35:1-15
833,에스겔 36:1-38
834,에스겔 37:1-28
835,에스겔 38:1-23
836,에스겔 39:1-29
837,에스겔 40:1-49
838,에스겔 41:1-26
839,에스겔 42:1-20
840,에스겔 43:1-27
841,에스겔 44:1-31
842,에스겔 45:1-25
843,에스겔 46:1-24
844,에스겔 47:1-23
845,에스겔 48:1-35
846,다니엘 1:1-21
847,다니엘 2:1-49
848,다니엘 3:1-30
849,다니엘 4:1-37
850,다니엘 5:1-31
851,다니엘 6:1-28
852,다니엘 7:1-28
853,다니엘 8:1-27
854,다니엘 9:1-27
855,다니엘 10:1-21
856,다니엘 11:1-45
857,다니엘 12:1-13
858,호세아 1:1-11
859,호세아 2:1-23
860,호세아 3:1-5
861,호세아 4:1-19
862,호세아 5:1-15
863,호세아 6:1-11
864,호세아 7:1-16
865,호세아 8:1-14
866,호세아 9:1-17
867,호세아 10:1-15
868,호세아 11:1-12
869,호세아 12:1-14
870,호세아 13:1-16
871,호세아 14:1-9
872,요엘 1:1-20
873,요엘 2:1-32
874,요엘 3:1-21
875,아모스 1:1-15
876,아모스 2:1-16
877,아모스 3:1-15
878,아모스 4:1-13
879,아모스 5:1-27
880,아모스 6:1-14
881,아모스 7:1-17
882,아모스 8:1-14
883,아모스 9:1-15
884,오바댜 1:1-21
885,요나 1:1-17
886,요나 2:1-10
887,요나 3:1-10
888,요나 4:1-11
889,미가 1:1-16
890,미가 2:1-13
891,미가 3:1-12
892,미가 4:1-13
893,미가 5:1-15
894,미가 6:1-16
895,미가 7:1-20
896,나훔 1:1-15
897,나훔 2:1-13
898,나훔 3:1-19
899,하박국 1:1-17
900,하박국 2:1-20
901,하박국 3:1-19
902,스바냐 1:1-18
903,스바냐 2:1-15
904,스바냐 3:1-20
905,학개 1:1-15
906,학개 2:1-23
907,스가랴 1:1-21
908,스가랴 2:1-13
909,스가랴 3:1-10
910,스가랴 4:1-14
911,스가랴 5:1-11
912,스가랴 6:1-15
913,스가랴 7:1-14
914,스가랴 8:1-23
915,스가랴 9:1-17
916,스가랴 10:1-12
917,스가랴 11:1-17
918,스가랴 12:1-14
919,스가랴 13:1-9
920,스가랴 14:1-21
921,말라기 1:1-14
922,말라기 2:1-17
923,말라기 3:1-18
924,말라기 4:1-6
925,마태복음 1:1-25
926,마태복음 2:1-23
927,마태복음 3:1-17
928,마태복음 4:1-25
929,마태복음 5:1-48
930,마태복음 6:1-34
931,마태복음 7:1-29
932,마태복음 8:1-34
933,마태복음 9:1-38
934,마태복음 10:1-42
935,마태복음 11:1-30
936,마태복음 12:1-50
937,마태복음 13:1-58
938,마태복음 14:1-36
939,마태복음 15:1-39
940,마태복음 16:1-28
941,마태복음 17:1-27
942,마태복음 18:1-35
943,마태복음 19:1-30
944,마태복음 20:1-34
945,마태복음 21:1-46
946,마태복음 22:1-46
947,마태복음 23:1-39
948,마태복음 24:1-51
949,마태복음 25:1-46
950,마태복음 26:1-75
951,마태복음 27:1-66
952,마태복음 28:1-20
953,마가복음 1:1-45
954,마가복음 2:1-28
955,마가복음 3:1-35
956,마가복음 4:1-41
957,마가복음 5:1-43
958,마가복음 6:1-56
959,마가복음 7:1-37
960,마가복음 8:1-38
961,마가복음 9:1-50
962,마가복음 10:1-52
963,마가복음 11:1-33
964,마가복음 12:1-44
965,마가복음 13:1-37
966,마가복음 14:1-72
967,마가복음 15:1-47
968,마가복음 16:1-20
969,누가복음 1:1-80
970,누가복음 2:1-52
971,누가복음 3:1-38
972,누가복음 4:1-44
973,누가복음 5:1-39
974,누가복음 6:1-49
975,누가복음 7:1-50
976,누가복음 8:1-56
977,누가복음 9:1-62
978,누가복음 10:1-42
979,누가복음 11:1-54
980,누가복음 12:1-59
981,누가복음 13:1-35
982,누가복음 14:1-35
983,누가복음 15:1-32
984,누가복음 16:1-31
985,누가복음 17:1-37
986,누가복음 18:1-43
987,누가복음 19:1-48
988,누가복음 20:1-48
989,누가복음 21:1-38
990,누가복음 22:1-71
991,누가복음 23:1-56
992,누가복음 24:1-53
993,요한복음 1:1-51
994,요한복음 2:1-25
995,요한복음 3:1-36
996,요한복음 4:1-54
997,요한복음 5:1-47
998,요한복음 6:1-71
999,요한복음 7:1-53
1000,요한복음 8:1-59
1001,요한복음 9:1-41
1002,요한복음 10:1-42
1003,요한복음 11:1-57
1004,요한복음 12:1-50
1005,요한복음 13:1-38
1006,요한복음 14:1-31
1007,요한복음 15:1-27
1008,요한복음 16:1-33
1009,요한복음 17:1-26
1010,요한복음 18:1-40
1011,요한복음 19:1-42
1012,요한복음 20:1-31
1013,요한복음 21:1-25
1014,사도행전 1:1-26
1015,사도행전 2:1-47
1016,사도행전 3:1-26
1017,사도행전 4:1-37
1018,사도행전 5:1-42
1019,사도행전 6:1-15
1020,사도행전 7:1-60
1021,사도행전 8:1-40
1022,사도행전 9:1-43
1023,사도행전 10:1-48
1024,사도행전 11:1-30
1025,사도행전 12:1-25
1026,사도행전 13:1-52
1027,사도행전 14:1-28
1028,사도행전 15:1-41
1029,사도행전 16:1-40
1030,사도행전 17:1-34
1031,사도행전 18:1-28
1032,사도행전 19:1-41
1033,사도행전 20:1-38
1034,사도행전 21:1-40
1035,사도행전 22:1-30
1036,사도행전 23:1-35
1037,사도행전 24:1-27
1038,사도행전 25:1-27
1039,사도행전 26:1-32
1040,사도행전 27:1-44
1041,사도행전 28:1-31
1042,로마서 1:1-32
1043,로마서 2:1-29
1044,로마서 3:1-31
1045,로마서 4:1-25
1046,로마서 5:1-21
1047,로마서 6:1-23
1048,로마서 7:1-25
1049,로마서 8:1-39
1050,로마서 9:1-33
1051,로마서 10:1-21
1052,로마서 11:1-36
1053,로마서 12:1-21
1054,로마서 13:1-14
1055,로마서 14:1-23
1056,로마서 15:1-33
1057,로마서 16:1-27
1058,고린도전서 1:1-31
1059,고린도전서 2:1-16
1060,고린도전서 3:1-23
1061,고린도전서 4:1-21
1062,고린도전서 5:1-13
1063,고린도전서 6:1-20
1064,고린도전서 7:1-40
1065,고린도전서 8:1-13
1066,고린도전서 9:1-27
1067,고린도전서 10:1-33
1068,고린도전서 11:1-34
1069,고린도전서 12:1-31
1070,고린도전서 13:1-13
1071,고린도전서 14:1-40
1072,고린도전서 15:1-58
1073,고린도전서 16:1-24
1074,고린도후서 1:1-24
1075,고린도후서 2:1-17
1076,고린도후서 3:1-18
1077,고린도후서 4:1-18
1078,고린도후서 5:1-21
1079,고린도후서 6:1-18
1080,고린도후서 7:1-16
1081,고린도후서 8:1-24
1082,고린도후서 9:1-15
1083,고린도후서 10:1-18
1084,고린도후서 11:1-33
1085,고린도후서 12:1-21
1086,고린도후서 13:1-14
1087,갈라디아서 1:1-24
1088,갈라디아서 2:1-21
1089,갈라디아서 3:1-29
1090,갈라디아서 4:1-31
1091,갈라디아서 5:1-26
1092,갈라디아서 6:1-18
1093,에베소서 1:1-23
1094,에베소서 2:1-22
1095,에베소서 3:1-21
1096,에베소서 4:1-32
1097,에베소서 5:1-33
1098,에베소서 6:1-24
1099,빌립보서 1:1-30
1100,빌립보서 2:1-30
1101,빌립보서 3:1-21
1102,빌립보서 4:1-23
1103,골로새서 1:1-29
1104,골로새서 2:1-23
1105,골로새서 3:1-25
1106,골로새서 4:1-18
1107,데살로니가전서 1:1-10
1108,데살로니가전서 2:1-20
1109,데살로니가전서 3:1-13
1110,데살로니가전서 4:1-18
1111,데살로니가전서 5:1-28
1112,데살로니가후서 1:1-12
1113,데살로니가후서 2:1-17
1114,데살로니가후서 3:1-18
1115,디모데전서 1:1-20
1116,디모데전서 2:1-15
1117,디모데전서 3:1-16
1118,디모데전서 4:1-16
1119,디모데전서 5:1-25
1120,디모데전서 6:1-21
1121,디모데후서 1:1-18
1122,디모데후서 2:1-26
1123,디모데후서 3:1-17
1124,디모데후서 4:1-22
1125,디도서 1:1-16
1126,디도서 2:1-15
1127,디도서 3:1-15
1128,빌레몬서 1:1-25
1129,히브리서 1:1-14
1130,히브리서 2:1-18
1131,히브리서 3:1-19
1132,히브리서 4:1-16
1133,히브리서 5:1-14
1134,히브리서 6:1-20
1135,히브리서 7:1-28
1136,히브리서 8:1-13
1137,히브리서 9:1-28
1138,히브리서 10:1-39
1139,히브리서 11:1-40
1140,히브리서 12:1-29
1141,히브리서 13:1-25
1142,야고보서 1:1-27
1143,야고보서 2:1-26
1144,야고보서 3:1-18
1145,야고보서 4:1-17
1146,야고보서 5:1-20
1147,베드로전서 1:1-25
1148,베드로전서 2:1-25
1149,베드로전서 3:1-22
1150,베드로전서 4:1-19
1151,베드로전서 5:1-14
1152,베드로후서 1:1-21
1153,베드로후서 2:1-22
1154,베드로후서 3:1-13
1155,요한일서 1:1-10
1156,요한일서 2:1-29
1157,요한일서 3:1-24
1158,요한일서 4:1-21
1159,요한일서 5:1-21
1160,요한이서 1:1-13
1161,요한삼서 1:1-15
1162,유다서 1:1-25
1163,요한계시록 1:1-20
1164,요한계시록 2:1-29
1165,요한계시록 3:1-22
1166,요한계시록 4:1-11
1167,요한계시록 5:1-14
1168,요한계시록 6:1-17
1169,요한계시록 7:1-17
1170,요한계시록 8:1-13
1171,요한계시록 9:1-21
1172,요한계시록 10:1-11
1173,요한계시록 11:1-19
1174,요한계시록 12:1-17
1175,요한계시록 13:1-18
1176,요한계시록 14:1-20
1177,요한계시록 15:1-8
1178,요한계시록 16:1-21
1179,요한계시록 17:1-18
1180,요한계시록 18:1-24
1181,요한계시록 19:1-21
1182,요한계시록 20:1-15
1183,요한계시록 21:1-27
1184,요한계시록 22:1-21
1185,창세기 1:1-31
1186,창세기 2:1-25
1187,창세기 3:1-24
1188,창세기 4:1-26
1189,창세기 5:1-32
1190,창세기 6:1-22
1191,창세기 7:1-24
1192,창세기 8:1-22
1193,창세기 9:1-29
1194,창세기 10:1-32
1195,창세기 11:1-32
1196,창세기 12:1-20
1197,창세기 13:1-18
1198,창세기 14:1-24
1199,창세기 15:1-21
1200,창세기 16:1-16
1201,창세기 17:1-27
1202,창세기 18:1-33
1203,창세기 19:1-38
1204,창세기 20:1-18
1205,창세기 21:1-34
1206,창세기 22:1-24
1207,창세기 23:1-20
1208,창세기 24:1-67
1209,창세기 25:1-34
1210,창세기 26:1-35
1211,창세기 27:1-46
1212,창세기 28:1-22
1213,창세기 29:1-35
1214,창세기 30:1-43
1215,창세기 31:1-55
1216,창세기 32:1-32
1217,창세기 33:1-20
1218,창세기 34:1-31
1219,창세기 35:1-29
1220,창세기 36:1-43
1221,창세기 37:1-36
1222,창세기 38:1-30
1223,창세기 39:1-23
1224,창세기 40:1-23
1225,창세기 41:1-57
1226,창세기 42:1-38
1227,창세기 43:1-34
1228,창세기 44:1-34
1229,창세기 45:1-28
1230,창세기 46:1-34
1231,창세기 47:1-31
1232,창세기 48:1-22
1233,창세기 49:1-33
1234,창세기 50:1-26
1235,출애굽기 1:1-22
1236,출애굽기 2:1-25
1237,출애굽기 3:1-22
1238,출애굽기 4:1-31
1239,출애굽기 5:1-23
1240,출애굽기 6:1-30
1241,출애굽기 7:1-25
1242,출애굽기 8:1-32
1243,출애굽기 9:1-35
1244,출애굽기 10:1-29
1245,출애굽기 11:1-10
1246,출애굽기 12:1-51
1247,출애굽기 13:1-22
1248,출애굽기 14:1-31
1249,출애굽기 15:1-27
1250,출애굽기 16:1-36
1251,출애굽기 17:1-16
1252,출애굽기 18:1-27
1253,출애굽기 19:1-25
1254,출애굽기 20:1-26
1255,출애굽기 21:1-36
1256,출애굽기 22:1-31
1257,출애굽기 23:1-33
1258,출애굽기 24:1-18
1259,출애굽기 25:1-40
1260,출애굽기 26:1-37
1261,출애굽기 27:1-21
1262,출애굽기 28:1-43
1263,출애굽기 29:1-46
1264,출애굽기 30:1-38
1265,출애굽기 31:1-18
1266,출애굽기 32:1-35
1267,출애굽기 33:1-23
1268,출애굽기 34:1-35
1269,출애굽기 35:1-35
1270,출애굽기 36:1-38
1271,출애굽기 37:1-29
1272,출애굽기 38:1-31
1273,출애굽기 39:1-43
1274,출애굽기 40:1-38
1275,레위기 1:1-17
1276,레위기 2:1-16
1277,레위기 3:1-17
1278,레위기 4:1-35
1279,레위기 5:1-19
1280,레위기 6:1-30
1281,레위기 7:1-38
1282,레위기 8:1-36
1283,레위기 9:1-24
1284,레위기 10:1-20
1285,레위기 11:1-47
1286,레위기 12:1-8
1287,레위기 13:1-59
1288,레위기 14:1-57
1289,레위기 15:1-33
1290,레위기 16:1-34
1291,레위기 17:1-16
1292,레위기 18:1-30
1293,레위기 19:1-37
1294,레위기 20:1-27
1295,레위기 21:1-24
1296,레위기 22:1-33
1297,레위기 23:1-44
1298,레위기 24:1-23
1299,레위기 25:1-55
1300,레위기 26:1-46
1301,레위기 27:1-34
1302,민수기 1:1-54
1303,민수기 2:1-34
1304,민수기 3:1-51
1305,민수기 4:1-49
1306,민수기 5:1-31
1307,민수기 6:1-27
1308,민수기 7:1-89
1309,민수기 8:1-26
1310,민수기 9:1-23
1311,민수기 10:1-36
1312,민수기 11:1-35
1313,민수기 12:1-16
1314,민수기 13:1-33
1315,민수기 14:1-45
1316,민수기 15:1-41
1317,민수기 16:1-50
1318,민수기 17:1-13
1319,민수기 18:1-32
1320,민수기 19:1-22
1321,민수기 20:1-29
1322,민수기 21:1-35
1323,민수기 22:1-41
1324,민수기 23:1-30
1325,민수기 24:1-25
1326,민수기 25:1-18
1327,민수기 26:1-65
1328,민수기 27:1-23
1329,민수기 28:1-31
1330,민수기 29:1-40
1331,민수기 30:1-16
1332,민수기 31:1-54
1333,민수기 32:1-42
1334,민수기 33:1-56
1335,민수기 34:1-29
1336,민수기 35:1-34
1337,민수기 36:1-13
1338,신명기 1:1-46
1339,신명기 2:1-37
1340,신명기 3:1-29
1341,신명기 4:1-49
1342,신명기 5:1-33
1343,신명기 6:1-25
1344,신명기 7:1-26
1345,신명기 8:1-20
1346,신명기 9:1-29
1347,신명기 10:1-22
1348,신명기 11:1-32
1349,신명기 12:1-32
1350,신명기 13:1-18
1351,신명기 14:1-29
1352,신명기 15:1-23
1353,신명기 16:1-22
1354,신명기 17:1-20
1355,신명기 18:1-22
1356,신명기 19:1-21
1357,신명기 20:1-20
1358,신명기 21:1-23
1359,신명기 22:1-30
1360,신명기 23:1-25
1361,신명기 24:1-22
1362,신명기 25:1-19
1363,신명기 26:1-19
1364,신명기 27:1-26
1365,신명기 28:1-68
1366,신명기 29:1-29
1367,신명기 30:1-20
1368,신명기 31:1-30
1369,신명기 32:1-52
1370,신명기 33:1-29
1371,신명기 34:1-12
1372,여호수아 1:1-18
1373,여호수아 2:1-24
1374,여호수아 3:1-17
1375,여호수아 4:1-24
1376,여호수아 5:1-15
1377,여호수아 6:1-27
1378,여호수아 7:1-26
1379,여호수아 8:1-35
1380,여호수아 9:1-27
1381,여호수아 10:1-43
1382,여호수아 11:1-23
1383,여호수아 12:1-24
1384,여호수아 13:1-33
1385,여호수아 14:1-15
1386,여호수아 15:1-63
1387,여호수아 16:1-10
1388,여호수아 17:1-18
1389,여호수아 18:1-28
1390,여호수아 19:1-51
1391,여호수아 20:1-9
1392,여호수아 21:1-45
1393,여호수아 22:1-34
1394,여호수아 23:1-16
1395,여호수아 24:1-33
1396,사사기 1:1-36
1397,사사기 2:1-23
1398,사사기 3:1-31
1399,사사기 4:1-24
1400,사사기 5:1-31
1401,사사기 6:1-40
1402,사사기 7:1-25
1403,사사기 8:1-35
1404,사사기 9:1-57
1405,사사기 10:1-18
1406,사사기 11:1-40
1407,사사기 12:1-15
1408,사사기 13:1-25
1409,사사기 14:1-20
1410,사사기 15:1-20
1411,사사기 16:1-31
1412,사사기 17:1-13
1413,사사기 18:1-31
1414,사사기 19:1-30
1415,사사기 20:1-48
1416,사사기 21:1-25
1417,룻기 1:1-22
1418,룻기 2:1-23
1419,룻기 3:1-18
1420,룻기 4:1-22
1421,사무엘상 1:1-28
1422,사무엘상 2:1-36
1423,사무엘상 3:1-21
1424,사무엘상 4:1-22
1425,사무엘상 5:1-12
1426,사무엘상 6:1-21
1427,사무엘상 7:1-17
1428,사무엘상 8:1-22
1429,사무엘상 9:1-27
1430,사무엘상 10:1-27
1431,사무엘상 11:1-15
1432,사무엘상 12:1-25
1433,사무엘상 13:1-23
1434,사무엘상 14:1-52
1435,사무엘상 15:1-35
1436,사무엘상 16:1-23
1437,사무엘상 17:1-58
1438,사무엘상 18:1-30
1439,사무엘상 19:1-24
1440,사무엘상 20:1-42
1441,사무엘상 21:1-15
1442,사무엘상 22:1-23
1443,사무엘상 23:1-29
1444,사무엘상 24:1-22
1445,사무엘상 25:1-44
1446,사무엘상 26:1-25
1447,사무엘상 27:1-12
1448,사무엘상 28:1-25
1449,사무엘상 29:1-11
1450,사무엘상 30:1-31
1451,사무엘상 31:1-13
1452,사무엘하 1:1-27
1453,사무엘하 2:1-32
1454,사무엘하 3:1-39
1455,사무엘하 4:1-12
1456,사무엘하 5:1-25
1457,사무엘하 6:1-23
1458,사무엘하 7:1-29
1459,사무엘하 8:1-18
1460,사무엘하 9:1-13
1461,사무엘하 10:1-19
1462,사무엘하 11:1-27
1463,사무엘하 12:1-31
1464,사무엘하 13:1-39
1465,사무엘하 14:1-33
1466,사무엘하 15:1-37
1467,사무엘하 16:1-23
1468,사무엘하 17:1-29
1469,사무엘하 18:1-33
1470,사무엘하 19:1-43
1471,사무엘하 20:1-26
1472,사무엘하 21:1-22
1473,사무엘하 22:1-51
1474,사무엘하 23:1-39
1475,사무엘하 24:1-25
1476,열왕기상 1:1-53
1477,열왕기상 2:1-46
1478,열왕기상 3:1-28
1479,열왕기상 4:1-34
1480,열왕기상 5:1-18
1481,열왕기상 6:1-38
1482,열왕기상 7:1-51
1483,열왕기상 8:1-66
1484,열왕기상 9:1-28
1485,열왕기상 10:1-29
1486,열왕기상 11:1-43
1487,열왕기상 12:1-33
1488,열왕기상 13:1-34
1489,열왕기상 14:1-31
1490,열왕기상 15:1-34
1491,열왕기상 16:1-34
1492,열왕기상 17:1-24
1493,열왕기상 18:1-46
1494,열왕기상 19:1-21
1495,열왕기상 20:1-43
1496,열왕기상 21:1-29
1497,열왕기상 22:1-53
1498,열왕기하 1:1-18
1499,열왕기하 2:1-25
1500,열왕기하 3:1-27
1501,열왕기하 4:1-44
1502,열왕기하 5:1-27
1503,열왕기하 6:1-33
1504,열왕기하 7:1-20
1505,열왕기하 8:1-29
1506,열왕기하 9:1-37
1507,열왕기하 10:1-36
1508,열왕기하 11:1-21
1509,열왕기하 12:1-21
1510,열왕기하 13:1-25
1511,열왕기하 14:1-29
1512,열왕기하 15:1-38
1513,열왕기하 16:1-20
1514,열왕기하 17:1-41
1515,열왕기하 18:1-37
1516,열왕기하 19:1-37
1517,열왕기하 20:1-21
1518,열왕기하 21:1-26
1519,열왕기하 22:1-20
1520,열왕기하 23:1-37
1521,열왕기하 24:1-20
1522,열왕기하 25:1-30
1523,역대상 1:1-54
1524,역대상 2:1-55
1525,역대상 3:1-24
1526,역대상 4:1-43
1527,역대상 5:1-26
1528,역대상 6:1-81
1529,역대상 7:1-40
1530,역대상 8:1-40
1531,역대상 9:1-44
1532,역대상 10:1-14
1533,역대상 11:1-47
1534,역대상 12:1-40
1535,역대상 13:1-14
1536,역대상 14:1-17
1537,역대상 15:1-29
1538,역대상 16:1-43
1539,역대상 17:1-27
1540,역대상 18:1-17
1541,역대상 19:1-19
1542,역대상 20:1-8
1543,역대상 21:1-30
1544,역대상 22:1-19
1545,역대상 23:1-32
1546,역대상 24:1-31
1547,역대상 25:1-31
1548,역대상 26:1-32
1549,역대상 27:1-34
1550,역대상 28:1-21
1551,역대상 29:1-30
1552,역대하 1:1-17
1553,역대하 2:1-18
1554,역대하 3:1-17
1555,역대하 4:1-22
1556,역대하 5:1-14
1557,역대하 6:1-42
1558,역대하 7:1-22
1559,역대하 8:1-18
1560,역대하 9:1-31
1561,역대하 10:1-19
1562,역대하 11:1-23
1563,역대하 12:1-16
1564,역대하 13:1-22
1565,역대하 14:1-15
1566,역대하 15:1-19
1567,역대하 16:1-14
1568,역대하 17:1-19
1569,역대하 18:1-34
1570,역대하 19:1-11
1571,역대하 20:1-37
1572,역대하 21:1-20
1573,역대하 22:1-12
1574,역대하 23:1-21
1575,역대하 24:1-27
1576,역대하 25:1-28
1577,역대하 26:1-23
1578,역대하 27:1-9
1579,역대하 28:1-27
1580,역대하 29:1-36
1581,역대하 30:1-27
1582,역대하 31:1-21
1583,역대하 32:1-33
1584,역대하 33:1-25
1585,역대하 34:1-33
1586,역대하 35:1-27
1587,역대하 36:1-23
1588,에스라 1:1-11
1589,에스라 2:1-70
1590,에스라 3:1-13
1591,에스라 4:1-24
1592,에스라 5:1-17
1593,에스라 6:1-22
1594,에스라 7:1-28
1595,에스라 8:1-36
1596,에스라 9:1-15
1597,에스라 10:1-44
1598,느헤미야 1:1-11
1599,느헤미야 2:1-20
1600,느헤미야 3:1-32
1601,느헤미야 4:1-23
1602,느헤미야 5:1-19
1603,느헤미야 6:1-19
1604,느헤미야 7:1-73
1605,느헤미야 8:1-18
1606,느헤미야 9:1-38
1607,느헤미야 10:1-39
1608,느헤미야 11:1-36
1609,느헤미야 12:1-47
1610,느헤미야 13:1-31
1611,에스더 1:1-22
1612,에스더 2:1-23
1613,에스더 3:1-15
1614,에스더 4:1-17
1615,에스더 5:1-14
1616,에스더 6:1-14
1617,에스더 7:1-10
1618,에스더 8:1-17
1619,에스더 9:1-32
1620,에스더 10:1-3
1621,욥기 1:1-22
1622,욥기 2:1-13
1623,욥기 3:1-26
1624,욥기 4:1-21
1625,욥기 5:1-27
1626,욥기 6:1-30
1627,욥기 7:1-21
1628,욥기 8:1-22
1629,욥기 9:1-35
1630,욥기 10:1-22
1631,욥기 11:1-20
1632,욥기 12:1-25
1633,욥기 13:1-28
1634,욥기 14:1-22
1635,욥기 15:1-35
1636,욥기 16:1-22
1637,욥기 17:1-16
1638,욥기 18:1-21
1639,욥기 19:1-29
1640,욥기 20:1-29
1641,욥기 21:1-34
1642,욥기 22:1-30
1643,욥기 23:1-17
1644,욥기 24:1-25
1645,욥기 25:1-6
1646,욥기 26:1-14
1647,욥기 27:1-23
1648,욥기 28:1-28
1649,욥기 29:1-25
1650,욥기 30:1-31
1651,욥기 31:1-40
1652,욥기 32:1-22
1653,욥기 33:1-33
1654,욥기 34:1-37
1655,욥기 35:1-16
1656,욥기 36:1-33
1657,욥기 37:1-24
1658,욥기 38:1-41
1659,욥기 39:1-30
1660,욥기 40:1-24
1661,욥기 41:1-34
1662,욥기 42:1-17
1663,시편 1:1-6
1664,시편 2:1-12
1665,시편 3:1-8
1666,시편 4:1-8
1667,시편 5:1-12
1668,시편 6:1-10
1669,시편 7:1-17
1670,시편 8:1-9
1671,시편 9:1-20
1672,시편 10:1-18
1673,시편 11:1-7
1674,시편 12:1-8
1675,시편 13:1-6
1676,시편 14:1-7
1677,시편 15:1-5
1678,시편 16:1-11
1679,시편 17:1-15
1680,시편 18:1-50
1681,시편 19:1-14
1682,시편 20:1-9
1683,시편 21:1-13
1684,시편 22:1-31
1685,시편 23:1-6
1686,시편 24:1-10
1687,시편 25:1-22
1688,시편 26:1-12
1689,시편 27:1-14
1690,시편 28:1-9
1691,시편 29:1-11
1692,시편 30:1-12
1693,시편 31:1-24
1694,시편 32:1-11
1695,시편 33:1-22
1696,시편 34:1-22
1697,시편 35:1-28
1698,시편 36:1-12
1699,시편 37:1-40
1700,시편 38:1-22
1701,시편 39:1-13
1702,시편 40:1-17
1703,시편 41:1-13
1704,시편 42:1-11
1705,시편 43:1-5
1706,시편 44:1-26
1707,시편 45:1-17
1708,시편 46:1-11
1709,시편 47:1-9
1710,시편 48:1-14
1711,시편 49:1-20
1712,시편 50:1-23
1713,시편 51:1-19
1714,시편 52:1-9
1715,시편 53:1-6
1716,시편 54:1-7
1717,시편 55:1-23
1718,시편 56:1-13
1719,시편 57:1-11
1720,시편 58:1-11
1721,시편 59:1-17
1722,시편 60:1-12
1723,시편 61:1-8
1724,시편 62:1-12
1725,시편 63:1-11
1726,시편 64:1-10
1727,시편 65:1-13
1728,시편 66:1-20
1729,시편 67:1-7
1730,시편 68:1-35
1731,시편 69:1-36
1732,시편 70:1-5
1733,시편 71:1-24
1734,시편 72:1-20
1735,시편 73:1-28
1736,시편 74:1-23
1737,시편 75:1-10
1738,시편 76:1-12
1739,시편 77:1-20
1740,시편 78:1-72
1741,시편 79:1-13
1742,시편 80:1-19
1743,시편 81:1-16
1744,시편 82:1-8
1745,시편 83:1-18
1746,시편 84:1-12
1747,시편 85:1-13
1748,시편 86:1-17
1749,시편 87:1-7
1750,시편 88:1-18
1751,시편 89:1-52
1752,시편 90:1-17
1753,시편 91:1-16
1754,시편 92:1-15
1755,시편 93:1-5
1756,시편 94:1-23
1757,시편 95:1-11
1758,시편 96:1-13
1759,시편 97:1-12
1760,시편 98:1-9
1761,시편 99:1-9
1762,시편 100:1-5
1763,시편 101:1-8
1764,시편 102:1-28
1765,시편 103:1-22
1766,시편 104:1-35
1767,시편 105:1-45
1768,시편 106:1-48
1769,시편 107:1-43
1770,시편 108:1-13
1771,시편 109:1-31
1772,시편 110:1-7
1773,시편 111:1-10
1774,시편 112:1-10
1775,시편 113:1-9
1776,시편 114:1-8
1777,시편 115:1-18
1778,시편 116:1-19
1779,시편 117:1-2
1780,시편 118:1-29
1781,시편 119:1-40
1782,시편 119:41-88
1783,시편 119:89-136
1784,시편 119:137-176
1785,시편 120:1-124:8
1786,시편 125:1-134:3
1787,시편 135:1-21
1788,시편 136:1-26
1789,시편 137:1-9
1790,시편 138:1-8
1791,시편 139:1-24
1792,시편 140:1-143:12
1793,시편 144:1-145:21
1794,시편 146:1-150:6
1795,잠언 1:1-33
1796,잠언 2:1-22
1797,잠언 3:1-35
1798,잠언 4:1-27
1799,잠언 5:1-23
1800,잠언 6:1-35
1801,잠언 7:1-27
1802,잠언 8:1-36
1803,잠언 9:1-18
1804,잠언 10:1-32
1805,잠언 11:1-31
1806,잠언 12:1-28
1807,잠언 13:1-25
1808,잠언 14:1-35
1809,잠언 15:1-33
1810,잠언 16:1-33
1811,잠언 17:1-28
1812,잠언 18:1-24
1813,잠언 19:1-29
1814,잠언 20:1-30
1815,잠언 21:1-31
1816,잠언 22:1-29
1817,잠언 23:1-35
1818,잠언 24:1-34
1819,잠언 25:1-28
1820,잠언 26:1-28
1821,잠언 27:1-27
1822,잠언 28:1-28
1823,잠언 29:1-27
1824,잠언 30:1-33
1825,잠언 31:1-31
1826,전도서 1:1-18
1827,전도서 2:1-26
1828,전도서 3:1-22
1829,전도서 4:1-16
1830,전도서 5:1-20
1831,전도서 6:1-12
1832,전도서 7:1-29
1833,전도서 8:1-17
1834,전도서 9:1-18
1835,전도서 10:1-20
1836,전도서 11:1-10
1837,전도서 12:1-14
1838,아가 1:1-17
1839,아가 2:1-17
1840,아가 3:1-11
1841,아가 4:1-16
1842,아가 5:1-16
1843,아가 6:1-13
1844,아가 7:1-13
1845,아가 8:1-14
1846,이사야 1:1-31
1847,이사야 2:1-22
1848,이사야 3:1-26
1849,이사야 4:1-6
1850,이사야 5:1-30
1851,이사야 6:1-13
1852,이사야 7:1-25
1853,이사야 8:1-22
1854,이사야 9:1-21
1855,이사야 10:1-34
1856,이사야 11:1-16
1857,이사야 12:1-6
1858,이사야 13:1-22
1859,이사야 14:1-32
1860,이사야 15:1-9
1861,이사야 16:1-14
1862,이사야 17:1-14
1863,이사야 18:1-7
1864,이사야 19:1-25
1865,이사야 20:1-6
1866,이사야 21:1-17
1867,이사야 22:1-25
1868,이사야 23:1-18
1869,이사야 24:1-23
1870,이사야 25:1-12
1871,이사야 26:1-21
1872,이사야 27:1-13
1873,이사야 28:1-29
1874,이사야 29:1-24
1875,이사야 30:1-33
1876,이사야 31:1-9
1877,이사야 32:1-20
1878,이사야 33:1-24
1879,이사야 34:1-17
1880,이사야 35:1-10
1881,이사야 36:1-22
1882,이사야 37:1-38
1883,이사야 38:1-22
1884,이사야 39:1-8
1885,이사야 40:1-31
1886,이사야 41:1-29
1887,이사야 42:1-25
1888,이사야 43:1-28
1889,이사야 44:1-28
1890,이사야 45:1-25
1891,이사야 46:1-13
1892,이사야 47:1-15
1893,이사야 48:1-22
1894,이사야 49:1-26
1895,이사야 50:1-11
1896,이사야 51:1-23
1897,이사야 52:1-15
1898,이사야 53:1-12
1899,이사야 54:1-17
1900,이사야 55:1-13
1901,이사야 56:1-12
1902,이사야 57:1-21
1903,이사야 58:1-14
1904,이사야 59:1-21
1905,이사야 60:1-22
1906,이사야 61:1-11
1907,이사야 62:1-12
1908,이사야 63:1-19
1909,이사야 64:1-12
1910,이사야 65:1-25
1911,이사야 66:1-24
1912,예레미야 1:1-19
1913,예레미야 2:1-37
1914,예레미야 3:1-25
1915,예레미야 4:1-31
1916,예레미야 5:1-31
1917,예레미야 6:1-30
1918,예레미야 7:1-34
1919,예레미야 8:1-22
1920,예레미야 9:1-26
1921,예레미야 10:1-25
1922,예레미야 11:1-23
1923,예레미야 12:1-17
1924,예레미야 13:1-27
1925,예레미야 14:1-22
1926,예레미야 15:1-21
1927,예레미야 16:1-21
1928,예레미야 17:1-27
1929,예레미야 18:1-23
1930,예레미야 19:1-15
1931,예레미야 20:1-18
1932,예레미야 21:1-14
1933,예레미야 22:1-30
1934,예레미야 23:1-40
1935,예레미야 24:1-10
1936,예레미야 25:1-38
1937,예레미야 26:1-24
1938,예레미야 27:1-22
1939,예레미야 28:1-17
1940,예레미야 29:1-32
1941,예레미야 30:1-24
1942,예레미야 31:1-40
1943,예레미야 32:1-44
1944,예레미야 33:1-26
1945,예레미야 34:1-22
1946,예레미야 35:1-19
1947,예레미야 36:1-32
1948,예레미야 37:1-21
1949,예레미야 38:1-28
1950,예레미야 39:1-18
1951,예레미야 40:1-16
1952,예레미야 41:1-18
1953,예레미야 42:1-22
1954,예레미야 43:1-13
1955,예레미야 44:1-30
1956,예레미야 45:1-5
1957,예레미야 46:1-28
1958,예레미야 47:1-7
1959,예레미야 48:1-47
1960,예레미야 49:1-39
1961,예레미야 50:1-46
1962,예레미야 51:1-64
1963,예레미야 52:1-34
1964,예레미야애가 1:1-22
1965,예레미야애가 2:1-22
1966,예레미야애가 3:1-66
1967,예레미야애가 4:1-22
1968,예레미야애가 5:1-22
1969,에스겔 1:1-28
1970,에스겔 2:1-10
1971,에스겔 3:1-27
1972,에스겔 4:1-17
1973,에스겔 5:1-17
1974,에스겔 6:1-14
1975,에스겔 7:1-27
1976,에스겔 8:1-18
1977,에스겔 9:1-11
1978,에스겔 10:1-22
1979,에스겔 11:1-25
1980,에스겔 12:1-28
1981,에스겔 13:1-23
1982,에스겔 14:1-23
1983,에스겔 15:1-8
1984,에스겔 16:1-63
1985,에스겔 17:1-24
1986,에스겔 18:1-32
1987,에스겔 19:1-14
1988,에스겔 20:1-49
1989,에스겔 21:1-32
1990,에스겔 22:1-31
1991,에스겔 23:1-49
1992,에스겔 24:1-27
1993,에스겔 25:1-17
1994,에스겔 26:1-21
1995,에스겔 27:1-36
1996,에스겔 28:1-26
1997,에스겔 29:1-21
1998,에스겔 30:1-26
1999,에스겔 31:1-18
2000,에스겔 32:1-32
2001,에스겔 33:1-33
2002,에스겔 34:1-31
2003,에스겔 35:1-15
2004,에스겔 36:1-38
2005,에스겔 37:1-28
2006,에스겔 38:1-23
2007,에스겔 39:1-29
2008,에스겔 40:1-49
2009,에스겔 41:1-26
2010,에스겔 42:1-20
2011,에스겔 43:1-27
2012,에스겔 44:1-31
2013,에스겔 45:1-25
2014,에스겔 46:1-24
2015,에스겔 47:1-23
2016,에스겔 48:1-35
2017,다니엘 1:1-21
2018,다니엘 2:1-49
2019,다니엘 3:1-30
2020,다니엘 4:1-37
2021,다니엘 5:1-31
2022,다니엘 6:1-28
2023,다니엘 7:1-28
2024,다니엘 8:1-27
2025,다니엘 9:1-27
2026,다니엘 10:1-21
2027,다니엘 11:1-45
2028,다니엘 12:1-13
2029,호세아 1:1-11
2030,호세아 2:1-23
2031,호세아 3:1-5
2032,호세아 4:1-19
2033,호세아 5:1-15
2034,호세아 6:1-11
2035,호세아 7:1-16
2036,호세아 8:1-14
2037,호세아 9:1-17
2038,호세아 10:1-15
2039,호세아 11:1-12
2040,호세아 12:1-14
2041,호세아 13:1-16
2042,호세아 14:1-9
2043,요엘 1:1-20
2044,요엘 2:1-32
2045,요엘 3:1-21
2046,아모스 1:1-15
2047,아모스 2:1-16
2048,아모스 3:1-15
2049,아모스 4:1-13
2050,아모스 5:1-27
2051,아모스 6:1-14
2052,아모스 7:1-17
2053,아모스 8:1-14
2054,아모스 9:1-15
2055,오바댜 1:1-21
2056,요나 1:1-17
2057,요나 2:1-10
2058,요나 3:1-10
2059,요나 4:1-11
2060,미가 1:1-16
2061,미가 2:1-13
2062,미가 3:1-12
2063,미가 4:1-13
2064,미가 5:1-15
2065,미가 6:1-16
2066,미가 7:1-20
2067,나훔 1:1-15
2068,나훔 2:1-13
2069,나훔 3:1-19
2070,하박국 1:1-17
2071,하박국 2:1-20
2072,하박국 3:1-19
2073,스바냐 1:1-18
2074,스바냐 2:1-15
2075,스바냐 3:1-20
2076,학개 1:1-15
2077,학개 2:1-23
2078,스가랴 1:1-21
2079,스가랴 2:1-13
2080,스가랴 3:1-10
2081,스가랴 4:1-14
2082,스가랴 5:1-11
2083,스가랴 6:1-15
2084,스가랴 7:1-14
2085,스가랴 8:1-23
2086,스가랴 9:1-17
2087,스가랴 10:1-12
2088,스가랴 11:1-17
2089,스가랴 12:1-14
2090,스가랴 13:1-9
2091,스가랴 14:1-21
2092,말라기 1:1-14
2093,말라기 2:1-17
2094,말라기 3:1-18
2095,말라기 4:1-6
2096,마태복음 1:1-25
2097,마태복음 2:1-23
2098,마태복음 3:1-17
2099,마태복음 4:1-25
2100,마태복음 5:1-48
2101,마태복음 6:1-34
2102,마태복음 7:1-29
2103,마태복음 8:1-34
2104,마태복음 9:1-38
2105,마태복음 10:1-42
2106,마태복음 11:1-30
2107,마태복음 12:1-50
2108,마태복음 13:1-58
2109,마태복음 14:1-36
2110,마태복음 15:1-39
2111,마태복음 16:1-28
2112,마태복음 17:1-27
2113,마태복음 18:1-35
2114,마태복음 19:1-30
2115,마태복음 20:1-34
2116,마태복음 21:1-46
2117,마태복음 22:1-46
2118,마태복음 23:1-39
2119,마태복음 24:1-51
2120,마태복음 25:1-46
2121,마태복음 26:1-75
2122,마태복음 27:1-66
2123,마태복음 28:1-20
2124,마가복음 1:1-45
2125,마가복음 2:1-28
2126,마가복음 3:1-35
2127,마가복음 4:1-41
2128,마가복음 5:1-43
2129,마가복음 6:1-56
2130,마가복음 7:1-37
2131,마가복음 8:1-38
2132,마가복음 9:1-50
2133,마가복음 10:1-52
2134,마가복음 11:1-33
2135,마가복음 12:1-44
2136,마가복음 13:1-37
2137,마가복음 14:1-72
2138,마가복음 15:1-47
2139,마가복음 16:1-20
2140,누가복음 1:1-80
2141,누가복음 2:1-52
2142,누가복음 3:1-38
2143,누가복음 4:1-44
2144,누가복음 5:1-39
2145,누가복음 6:1-49
2146,누가복음 7:1-50
2147,누가복음 8:1-56
2148,누가복음 9:1-62
2149,누가복음 10:1-42
2150,누가복음 11:1-54
2151,누가복음 12:1-59
2152,누가복음 13:1-35
2153,누가복음 14:1-35
2154,누가복음 15:1-32
2155,누가복음 16:1-31
2156,누가복음 17:1-37
2157,누가복음 18:1-43
2158,누가복음 19:1-48
2159,누가복음 20:1-48
2160,누가복음 21:1-38
2161,누가복음 22:1-71
2162,누가복음 23:1-56
2163,누가복음 24:1-53
2164,요한복음 1:1-51
2165,요한복음 2:1-25
2166,요한복음 3:1-36
2167,요한복음 4:1-54
2168,요한복음 5:1-47
2169,요한복음 6:1-71
2170,요한복음 7:1-53
2171,요한복음 8:1-59
2172,요한복음 9:1-41
2173,요한복음 10:1-42
2174,요한복음 11:1-57
2175,요한복음 12:1-50
2176,요한복음 13:1-38
2177,요한복음 14:1-31
2178,요한복음 15:1-27
2179,요한복음 16:1-33
2180,요한복음 17:1-26
2181,요한복음 18:1-40
2182,요한복음 19:1-42
2183,요한복음 20:1-31
2184,요한복음 21:1-25
2185,사도행전 1:1-26
2186,사도행전 2:1-47
2187,사도행전 3:1-26
2188,사도행전 4:1-37
2189,사도행전 5:1-42
2190,사도행전 6:1-15
2191,사도행전 7:1-60